component,explained_variance,cumulative_variance
PC1,0.16736642769517232,0.16736642769517232
PC2,0.10448092176989167,0.271847349465064
PC3,0.10273448258972996,0.37458183205479395
PC4,0.101633260023204,0.47621509207799795
PC5,0.10160452375965405,0.577819615837652
PC6,0.09904515998787983,0.6768647758255317
PC7,0.0981115665477304,0.7749763423732621
