component,explained_variance,cumulative_variance
PC1,0.16736642769517232,0.16736642769517232
PC2,0.10448092176989167,0.271847349465064
PC3,0.10273448258972996,0.37458183205479395
